Metric,Value
Accuracy,0.7727272727272727
F1 Score,0.6507936507936507
Precision,0.7280701754385965
Recall,0.6354166666666666
Depth,2.0
