Metric,Value
Accuracy,0.9736842105263158
F1 Score,0.97186343068696
Precision,0.9742063492063492
Recall,0.9697019325253848
