Metric,Value
Accuracy,0.9666666666666667
F1 Score,0.9658994032395567
Precision,0.9722222222222222
Recall,0.9629629629629629
Depth,2.0
