Metric,Value
Accuracy,0.8181818181818182
F1 Score,0.6944444444444444
Precision,0.9
Recall,0.6666666666666666
