Metric,Value
Accuracy,0.9444444444444444
F1 Score,0.9424740010946907
Precision,0.953968253968254
Recall,0.9345238095238096
