Metric,Value
Accuracy,0.9722222222222222
F1 Score,0.9761600681140911
Precision,0.9777777777777779
Recall,0.9761904761904763
best_N_estimator_,1000.0
Corresponding_depth,2.0
