Metric,Value
Accuracy,0.8873239436619719
F1 Score,0.8765217391304347
Precision,0.9058441558441559
Recall,0.8633720930232558
