Metric,Value
Accuracy,0.956140350877193
F1 Score,0.9526381387619444
Precision,0.960472972972973
Recall,0.9464461185718964
Depth,5.0
