Metric,Value
Accuracy_PDT,0.9014084507042254
F1 Score_PDT,0.8929110105580693
Precision_PDT,0.9157608695652174
Recall_PDT,0.8812292358803986
