Metric,Value
Accuracy,0.7857142857142857
F1 Score,0.7826336975273145
Precision,0.7857142857142857
Recall,0.8028846153846154
