Metric,Value
Accuracy,0.8441558441558441
F1 Score,0.8328811720021704
Precision,0.8287243532560213
Recall,0.8383838383838385
Depth,7.0
