Metric,Value
Accuracy,0.8591549295774648
F1 Score,0.8426418439716312
Precision,0.8867647058823529
Recall,0.8276578073089701
Depth,3.0
