Metric,Value
Accuracy,0.8636363636363636
F1 Score,0.8509059056751649
Precision,0.8524074074074074
Recall,0.8494949494949495
Depth,5.0
