Metric,Value
Accuracy,0.9473684210526315
F1 Score,0.9439895185063871
Precision,0.9439895185063871
Recall,0.9439895185063871
Depth,4.0
