Metric,Value
Accuracy,0.9649122807017544
F1 Score,0.9623015873015873
Precision,0.9672569328433009
Recall,0.9580740255486406
best_N_estimator_,50.0
Corresponding_depth,4.0
