Metric,Value
Accuracy,0.6666666666666666
F1 Score,0.6597222222222223
Precision,0.6613636363636364
Recall,0.6706730769230769
Depth,5.0
