Metric,Value
Accuracy,0.6428571428571429
F1 Score,0.6377228292121909
Precision,0.7580645161290323
Recall,0.7115384615384616
Depth,3.0
