Metric,Value
Accuracy,0.8701298701298701
F1 Score,0.8617097701149425
Precision,0.8558082143486692
Recall,0.8707070707070708
