Metric,Value
Accuracy,0.9444444444444444
F1 Score,0.94320987654321
Precision,0.9583333333333334
Recall,0.9345238095238096
Depth,4.0
