Metric,Value
Accuracy,0.8873239436619719
F1 Score,0.8804713804713804
Precision,0.8867521367521367
Recall,0.8758305647840532
Depth,2.0
