Metric,Value
Accuracy,0.9166666666666666
F1 Score,0.8893604479811376
Precision,0.9361111111111112
Recall,0.875
Depth,4.0
